[
    {
        "name": "Pikkme Samsung Galaxy S20 FE / S20 FE 5G Back Cover Soft Matte Liquid Silicone TPU | Camera Protection | Shockproof Slim Back Case for Samsung Galaxy S20 FE / S20 FE 5G (Black)",
        "price": "199"
    },
    {
        "name": "Amazon Brand Solimo Edge to Edge Tempered Glass for Samsung Galaxy S20 Fe 5G (6.5 Inch) with Easy Self Installation Kit for Smartphone | (Black)",
        "price": "179"
    },
    {
        "name": "Back Cover Case for Samsung Galaxy S20 FE Shockproof Protective Graphic Stickers Label Case for Men & Boys(Pattern1)",
        "price": "199"
    }
]