[
    {
        "name": "Lenovo LOQ, AMD Ryzen 5 7235HS, NVIDIA RTX 3050A 4GB, 12GB RAM, 512GB SSD, 15.6\"(39.6cm), 144Hz, Windows 11, Office Home 2024, Grey, 2.4Kg, 83JC00HNIN, 3 Mon. Game Pass Gaming Laptop",
        "price": "62,990",
        "page": 1
    },
    {
        "name": "Lenovo LOQ 2025 AMD Ryzen 7 250| NVIDIA RTX 5050 8GB (24GB RAM/1TB SSD/144Hz Refresh Rate/440 AI TOPS/15.6\" (39.6cm)/Windows 11/Office 2024/3 Mon. Game Pass/Grey/2.4Kg), 83JG008NIN",
        "price": "1,15,990",
        "page": 1
    },
    {
        "name": "Acer Estilo Premium 15.6 Inch Beige Color Backpack I Water Resistent Polyester I Expandable, 2 Zipper Front Pocket, 2 More Compartment for Laptop and Other Accessories I USB Charging I Strolley Strap",
        "price": "1,699",
        "page": 1
    },
    {
        "name": "Probus Unisex Peachy Palette Canvas Printed Western Laptop Sleeve Case Cover for MacBook/Laptop|Compatible with 15.6\" Laptops",
        "price": "799",
        "page": 1
    }
]