[
    {
        "name": "Spigen",
        "price": "846",
        "page": 1
    },
    {
        "name": "FLIPPED",
        "price": "299",
        "page": 1
    },
    {
        "name": "FLIPPED",
        "price": "259",
        "page": 1
    },
    {
        "name": "FLIPPED",
        "price": "299",
        "page": 1
    },
    {
        "name": "WOW IMAGINE",
        "price": "249",
        "page": 1
    },
    {
        "name": "WOW IMAGINE",
        "price": "259",
        "page": 1
    },
    {
        "name": "Leather Finish Logo View Flip Cover Compatible for iPhone 15 | Inbuilt Stand & Pockets | Wallet Style Flip Case Compatible for iPhone 15 -(Black)",
        "price": "247",
        "page": 1
    },
    {
        "name": "Pinaaki Enterprises",
        "price": "169",
        "page": 1
    },
    {
        "name": "Clear Mirror Protective Wallet Flip Cover for iPhone 15 6.1\" - Gold",
        "price": "699",
        "page": 1
    },
    {
        "name": "FLIPPED",
        "price": "279",
        "page": 1
    },
    {
        "name": "YINLAI",
        "price": "1,499",
        "page": 1
    },
    {
        "name": "Cubix",
        "price": "999",
        "page": 1
    },
    {
        "name": "TELETEL",
        "price": "689",
        "page": 1
    },
    {
        "name": "TELETEL",
        "price": "689",
        "page": 1
    },
    {
        "name": "FLIPPED",
        "price": "289",
        "page": 1
    },
    {
        "name": "TROUNCE",
        "price": "668",
        "page": 1
    },
    {
        "name": "FLIPPED",
        "price": "289",
        "page": 1
    },
    {
        "name": "TELETEL",
        "price": "679",
        "page": 1
    },
    {
        "name": "TELETEL",
        "price": "679",
        "page": 1
    },
    {
        "name": "Cubix",
        "price": "999",
        "page": 1
    },
    {
        "name": "Cubix",
        "price": "999",
        "page": 1
    },
    {
        "name": "Cubix",
        "price": "999",
        "page": 1
    },
    {
        "name": "Spigen",
        "price": "846",
        "page": 2
    },
    {
        "name": "ARBUDA",
        "price": "500",
        "page": 2
    },
    {
        "name": "MILLION CASES",
        "price": "623",
        "page": 2
    },
    {
        "name": "WOW IMAGINE",
        "price": "259",
        "page": 2
    },
    {
        "name": "TELETEL",
        "price": "679",
        "page": 2
    },
    {
        "name": "iPhone 15 Case, Notebook Type, iPhone 15 Case, Shoulder Smartphone Case, Compatible with iPhone 15, Diamond Pattern, iPhone 15 Case, Popular, Women, Shoulder Hanging, Card Storage, Zip Wallet",
        "price": "N/A",
        "page": 2
    },
    {
        "name": "MILLION CASES",
        "price": "799",
        "page": 2
    },
    {
        "name": "Neoprene Cell Phone Sleeve, Zip Wallet Pouch with Neck Strap for iPhone 17, 16 16e 15 15 Pro iPhone 14 13 Pro iPhone 12 Mini 11 Pro iPhone SE 3rd G iPhone X XS (Red)",
        "price": "2,432.",
        "page": 2
    },
    {
        "name": "Cases for iPhone 15 Wallet Case for Women with Card Holder Retro Embossed Flower Zipper Wallet PU Leather Flip Cover with Detachable Lanyard for Apple iPhone 15 6.1\" Purple",
        "price": "5,641",
        "page": 2
    },
    {
        "name": "Case for iPhone 15, Wallet with Card Slots for iPhone 15 Case, Fashion PU Leather Magnetic Flip Zipper Style Phone Cover for iPhone 15 - Red",
        "price": "3,394",
        "page": 2
    },
    {
        "name": "ARBUDA",
        "price": "500",
        "page": 2
    },
    {
        "name": "Pikkme",
        "price": "399",
        "page": 2
    },
    {
        "name": "S. Tedazo",
        "price": "6,391",
        "page": 2
    },
    {
        "name": "for iPhone 15 Phone Case, iPhone 15 Wallet Case, Leather Magnetic Book Flip Cover Protective Case with Card Holder for iPhone 15, Cute Cartoon Panda Blue",
        "price": "5,403",
        "page": 2
    },
    {
        "name": "iPhone 15 Case Notebook Type Back Card Storage Shoulder for iPhone 15 Back Case Shoulder iPhone 15 Smartphone Case Neck Crossbody iPhone 15 Mobile Phone Cover with Wallet Stand Function",
        "price": "N/A",
        "page": 2
    },
    {
        "name": "for iPhone 15 Wallet Case for Women,Zipper Pocket,PU Leather Phone Case Stand flip Cover Crossbody Lanyard Strap Zipper Credit Card Holder Slots for Apple 15,Dark Purple",
        "price": "5,752",
        "page": 2
    },
    {
        "name": "Compatible with iPhone 15 6.1 inch Wallet Case with Wrist Strap, Shoulder Strap, 9+ Card Slots Zipper Purse, Leather Stand Cell Phone Cover for iPhone15 5G i i-Phone i15 15Case Women Rose Gold",
        "price": "7,489",
        "page": 2
    },
    {
        "name": "Trendy i Phone 17 - i Phone Pocket Nylon & Polyester Blend | Slim Typing Solution Long Size (80 CM Length) - (Pack of 1) - (Blue)",
        "price": "N/A",
        "page": 2
    },
    {
        "name": "ZIYE",
        "price": "4,979",
        "page": 2
    },
    {
        "name": "Trendy i Phone 17 - i Phone Pocket Nylon & Polyester Blend | Slim Typing Solution Long Size (80 CM Length) - (Pack of 1) - (Brown)",
        "price": "N/A",
        "page": 2
    },
    {
        "name": "Amozo",
        "price": "299",
        "page": 2
    },
    {
        "name": "HC Premium Glass Converter Back Cover/Case | Aluminum Glossy |Transform iPhone 15 into 17 Pro / 17 Pro Max | Compatible with Magnetic Charging (Cosmic, iPhone 15) Colour Blue",
        "price": "799",
        "page": 2
    }
]