[
    {
        "name": "Samsung",
        "price": "33,673"
    },
    {
        "name": "Pikkme",
        "price": "199"
    },
    {
        "name": "Pikkme",
        "price": "199"
    },
    {
        "name": "Samsung",
        "price": "37,900"
    },
    {
        "name": "TheGiftKart",
        "price": "299"
    },
    {
        "name": "KARWAN",
        "price": "399"
    },
    {
        "name": "TheGiftKart",
        "price": "269"
    },
    {
        "name": "Jkobi",
        "price": "150"
    },
    {
        "name": "TheGiftKart",
        "price": "299"
    },
    {
        "name": "TheGiftKart",
        "price": "339"
    },
    {
        "name": "PULOKA",
        "price": "999"
    },
    {
        "name": "URBN",
        "price": "1,699"
    },
    {
        "name": "Amazon Brand - Solimo",
        "price": "213"
    },
    {
        "name": "Super Frosted Shield Pro Soft Mobile Back Case for Samsung Galaxy S20 FE 5G | Shockproof Scratchproof Cover | Black",
        "price": "199"
    },
    {
        "name": "TheGiftKart",
        "price": "423"
    },
    {
        "name": "FLIPPED",
        "price": "299"
    },
    {
        "name": "KARWAN",
        "price": "399"
    },
    {
        "name": "Amazon Brand - Solimo",
        "price": "179"
    },
    {
        "name": "Amazon Brand - Solimo",
        "price": "213"
    },
    {
        "name": "GiGreen",
        "price": "399"
    },
    {
        "name": "DR VAKU",
        "price": "999"
    },
    {
        "name": "Pikkme",
        "price": "399"
    },
    {
        "name": "PULOKA",
        "price": "999"
    },
    {
        "name": "Accesorios",
        "price": "499"
    },
    {
        "name": "SupCares",
        "price": "299"
    },
    {
        "name": "TheGiftKart",
        "price": "345"
    },
    {
        "name": "7SEVEN\u00ae Back Cover for Samsung Galaxy S20 FE Transparent Mobile Back Case Shock Proof Design Camera Edges Protection Crystal Clear Phone Case Silicon Soft TPU and Flexible Bumper Phone Cover",
        "price": "179"
    },
    {
        "name": "Back Cover for Samsung Galaxy S20 FE 5G with Cute 3D Cartoon Shaped Folding Mobile Stand Holder |360 Degree Protection Anti Slip Drop Protection Case| Pack of 1 (Pink, bnny)",
        "price": "289"
    },
    {
        "name": "Pikkme",
        "price": "349"
    },
    {
        "name": "Amazon Brand - Solimo",
        "price": "179"
    },
    {
        "name": "99Prints Compatible for Samsung Galaxy S20 fe 5G Mobile Phone Back Cover Case for Metal | Boys & Girls | Cute Girl Pattern Printed Soft Rubber Case (Polycarbonate | Camera Protection)",
        "price": "299"
    },
    {
        "name": "TOUCCH",
        "price": "189"
    },
    {
        "name": "Outlouders",
        "price": "299"
    },
    {
        "name": "KARWAN",
        "price": "449"
    },
    {
        "name": "Type-C Charger for Samsung Galaxy S20 FE 5G Original QC Adapter Type C 3.0A High Speed Fast Turbo Charge QC 3.0 Smart with 1m Type-C Charging & Sync Cable (White, VO, SE.AL1)",
        "price": "399"
    },
    {
        "name": "for Samsung Galaxy S20 FE 5G Mobile Phone Back Cover Case [for Girls Boys] 2D Printed Design Pink Lotus Flower Soft Rubber Silicone TPU Sides with Camera Protection",
        "price": "297"
    },
    {
        "name": "KARWAN",
        "price": "249"
    },
    {
        "name": "Fashionury",
        "price": "149"
    },
    {
        "name": "Back Cover for Samsung Galaxy S20 FE 5G with Cute 3D Cartoon Shaped Folding Mobile Stand Holder |360 Degree Protection Anti Slip Drop Protection Case| Pack of 1 (Black, astr)",
        "price": "289"
    },
    {
        "name": "Polycarbonate Yellow Butterfly Floral Printed Hard Back Case Cover & Compatible for Samsung Galaxy S20 FE 5G / Samsung S20 FE 5G (Multicolor) - D1686",
        "price": "279"
    },
    {
        "name": "Amazon Brand - Solimo",
        "price": "242"
    },
    {
        "name": "Amazon Brand - Solimo",
        "price": "199"
    },
    {
        "name": "Flip Cover for Samsung Galaxy S20 FE Mobile Phone | Business Professional Case | Premium Leather Finish Back Cover | Foldable Stand | Wallet Card Slots | Top Trending (Wine Color)",
        "price": "795"
    },
    {
        "name": "PULOKA",
        "price": "999"
    }
]