[
    {
        "name": "boAt",
        "price": "4,999"
    },
    {
        "name": "ACwO",
        "price": "999"
    },
    {
        "name": "boAt",
        "price": "1,699"
    },
    {
        "name": "boAt",
        "price": "1,399"
    },
    {
        "name": "boAt",
        "price": "10,499"
    },
    {
        "name": "boAt",
        "price": "1,299"
    },
    {
        "name": "boAt",
        "price": "1,799"
    },
    {
        "name": "boAt",
        "price": "16,499"
    },
    {
        "name": "boAt",
        "price": "799"
    },
    {
        "name": "boAt",
        "price": "1,699"
    },
    {
        "name": "pTron",
        "price": "2,299"
    },
    {
        "name": "Mivi",
        "price": "4,499"
    },
    {
        "name": "boAt",
        "price": "899"
    },
    {
        "name": "boAt",
        "price": "6,499"
    },
    {
        "name": "boAt",
        "price": "1,999"
    },
    {
        "name": "boAt",
        "price": "799"
    },
    {
        "name": "boAt",
        "price": "2,299"
    },
    {
        "name": "boAt",
        "price": "4,499"
    },
    {
        "name": "boAt",
        "price": "1,399"
    },
    {
        "name": "boAt",
        "price": "5,999"
    },
    {
        "name": "Tribit",
        "price": "2,845"
    },
    {
        "name": "Dubstep",
        "price": "499"
    },
    {
        "name": "Tribit",
        "price": "2,699"
    },
    {
        "name": "Portronics",
        "price": "2,899"
    },
    {
        "name": "boAt",
        "price": "6,999"
    },
    {
        "name": "boAt",
        "price": "N/A"
    },
    {
        "name": "boAt",
        "price": "4,999"
    },
    {
        "name": "boAt",
        "price": "999"
    },
    {
        "name": "boAt",
        "price": "3,699"
    },
    {
        "name": "boAt",
        "price": "899"
    },
    {
        "name": "boAt",
        "price": "5,999"
    },
    {
        "name": "boAt",
        "price": "6,999"
    },
    {
        "name": "pTron",
        "price": "1,799"
    },
    {
        "name": "GOBOULT",
        "price": "1,199"
    },
    {
        "name": "boAt",
        "price": "3,499"
    },
    {
        "name": "boAt",
        "price": "3,999"
    },
    {
        "name": "boAt",
        "price": "7,499"
    },
    {
        "name": "ZEBRONICS",
        "price": "789"
    },
    {
        "name": "boAt",
        "price": "5,299"
    },
    {
        "name": "Mivi",
        "price": "899"
    },
    {
        "name": "Mivi",
        "price": "619"
    },
    {
        "name": "boAt",
        "price": "1,799"
    },
    {
        "name": "Pick Ur Needs",
        "price": "758"
    },
    {
        "name": "Portable Bluetooth Speaker, Wireless Cylindrical Design",
        "price": "399"
    }
]